ID,Name,Date
2,User_2,2025-03-15
4,User_4,2025-05-15
6,User_6,2025-07-15
8,User_8,2025-09-15
10,User_10,2025-02-15
12,User_12,2025-04-15
14,User_14,2025-06-15
16,User_16,2025-08-15
18,User_18,2025-01-15
20,User_20,2025-03-15
22,User_22,2025-05-15
24,User_24,2025-07-15
26,User_26,2025-09-15
28,User_28,2025-02-15
30,User_30,2025-04-15
32,User_32,2025-06-15
34,User_34,2025-08-15
36,User_36,2025-01-15
38,User_38,2025-03-15
40,User_40,2025-05-15
42,User_42,2025-07-15
44,User_44,2025-09-15
46,User_46,2025-02-15
48,User_48,2025-04-15
50,User_50,2025-06-15
52,User_52,2025-08-15
54,User_54,2025-01-15
56,User_56,2025-03-15
58,User_58,2025-05-15
60,User_60,2025-07-15
62,User_62,2025-09-15
64,User_64,2025-02-15
66,User_66,2025-04-15
68,User_68,2025-06-15
70,User_70,2025-08-15
72,User_72,2025-01-15
74,User_74,2025-03-15
76,User_76,2025-05-15
78,User_78,2025-07-15
80,User_80,2025-09-15
82,User_82,2025-02-15
84,User_84,2025-04-15
86,User_86,2025-06-15
88,User_88,2025-08-15
90,User_90,2025-01-15
92,User_92,2025-03-15
94,User_94,2025-05-15
96,User_96,2025-07-15
98,User_98,2025-09-15
100,User_100,2025-02-15
102,User_102,2025-04-15
104,User_104,2025-06-15
106,User_106,2025-08-15
108,User_108,2025-01-15
110,User_110,2025-03-15
112,User_112,2025-05-15
114,User_114,2025-07-15
116,User_116,2025-09-15
118,User_118,2025-02-15
120,User_120,2025-04-15
122,User_122,2025-06-15
124,User_124,2025-08-15
126,User_126,2025-01-15
128,User_128,2025-03-15
130,User_130,2025-05-15
132,User_132,2025-07-15
134,User_134,2025-09-15
136,User_136,2025-02-15
138,User_138,2025-04-15
140,User_140,2025-06-15
142,User_142,2025-08-15
144,User_144,2025-01-15
146,User_146,2025-03-15
148,User_148,2025-05-15
150,User_150,2025-07-15
152,User_152,2025-09-15
154,User_154,2025-02-15
156,User_156,2025-04-15
158,User_158,2025-06-15
160,User_160,2025-08-15
162,User_162,2025-01-15
164,User_164,2025-03-15
166,User_166,2025-05-15
168,User_168,2025-07-15
170,User_170,2025-09-15
172,User_172,2025-02-15
174,User_174,2025-04-15
176,User_176,2025-06-15
178,User_178,2025-08-15
180,User_180,2025-01-15
182,User_182,2025-03-15
184,User_184,2025-05-15
186,User_186,2025-07-15
188,User_188,2025-09-15
190,User_190,2025-02-15
192,User_192,2025-04-15
194,User_194,2025-06-15
196,User_196,2025-08-15
198,User_198,2025-01-15
200,User_200,2025-03-15
202,User_202,2025-05-15
204,User_204,2025-07-15
206,User_206,2025-09-15
208,User_208,2025-02-15
210,User_210,2025-04-15
212,User_212,2025-06-15
214,User_214,2025-08-15
216,User_216,2025-01-15
218,User_218,2025-03-15
220,User_220,2025-05-15
222,User_222,2025-07-15
224,User_224,2025-09-15
226,User_226,2025-02-15
228,User_228,2025-04-15
230,User_230,2025-06-15
232,User_232,2025-08-15
234,User_234,2025-01-15
236,User_236,2025-03-15
238,User_238,2025-05-15
240,User_240,2025-07-15
242,User_242,2025-09-15
244,User_244,2025-02-15
246,User_246,2025-04-15
248,User_248,2025-06-15
250,User_250,2025-08-15
252,User_252,2025-01-15
254,User_254,2025-03-15
256,User_256,2025-05-15
258,User_258,2025-07-15
260,User_260,2025-09-15
262,User_262,2025-02-15
264,User_264,2025-04-15
266,User_266,2025-06-15
268,User_268,2025-08-15
270,User_270,2025-01-15
272,User_272,2025-03-15
274,User_274,2025-05-15
276,User_276,2025-07-15
278,User_278,2025-09-15
280,User_280,2025-02-15
282,User_282,2025-04-15
284,User_284,2025-06-15
286,User_286,2025-08-15
288,User_288,2025-01-15
290,User_290,2025-03-15
292,User_292,2025-05-15
294,User_294,2025-07-15
296,User_296,2025-09-15
298,User_298,2025-02-15
300,User_300,2025-04-15
302,User_302,2025-06-15
304,User_304,2025-08-15
306,User_306,2025-01-15
308,User_308,2025-03-15
310,User_310,2025-05-15
312,User_312,2025-07-15
314,User_314,2025-09-15
316,User_316,2025-02-15
318,User_318,2025-04-15
320,User_320,2025-06-15
322,User_322,2025-08-15
324,User_324,2025-01-15
326,User_326,2025-03-15
328,User_328,2025-05-15
330,User_330,2025-07-15
332,User_332,2025-09-15
334,User_334,2025-02-15
336,User_336,2025-04-15
338,User_338,2025-06-15
340,User_340,2025-08-15
342,User_342,2025-01-15
344,User_344,2025-03-15
346,User_346,2025-05-15
348,User_348,2025-07-15
350,User_350,2025-09-15
352,User_352,2025-02-15
354,User_354,2025-04-15
356,User_356,2025-06-15
358,User_358,2025-08-15
360,User_360,2025-01-15
362,User_362,2025-03-15
364,User_364,2025-05-15
366,User_366,2025-07-15
368,User_368,2025-09-15
370,User_370,2025-02-15
372,User_372,2025-04-15
374,User_374,2025-06-15
376,User_376,2025-08-15
378,User_378,2025-01-15
380,User_380,2025-03-15
382,User_382,2025-05-15
384,User_384,2025-07-15
386,User_386,2025-09-15
388,User_388,2025-02-15
390,User_390,2025-04-15
392,User_392,2025-06-15
394,User_394,2025-08-15
396,User_396,2025-01-15
398,User_398,2025-03-15
400,User_400,2025-05-15
402,User_402,2025-07-15
404,User_404,2025-09-15
406,User_406,2025-02-15
408,User_408,2025-04-15
410,User_410,2025-06-15
412,User_412,2025-08-15
414,User_414,2025-01-15
416,User_416,2025-03-15
418,User_418,2025-05-15
420,User_420,2025-07-15
422,User_422,2025-09-15
424,User_424,2025-02-15
426,User_426,2025-04-15
428,User_428,2025-06-15
430,User_430,2025-08-15
432,User_432,2025-01-15
434,User_434,2025-03-15
436,User_436,2025-05-15
438,User_438,2025-07-15
440,User_440,2025-09-15
442,User_442,2025-02-15
444,User_444,2025-04-15
446,User_446,2025-06-15
448,User_448,2025-08-15
450,User_450,2025-01-15
452,User_452,2025-03-15
454,User_454,2025-05-15
456,User_456,2025-07-15
458,User_458,2025-09-15
460,User_460,2025-02-15
462,User_462,2025-04-15
464,User_464,2025-06-15
466,User_466,2025-08-15
468,User_468,2025-01-15
470,User_470,2025-03-15
472,User_472,2025-05-15
474,User_474,2025-07-15
476,User_476,2025-09-15
478,User_478,2025-02-15
480,User_480,2025-04-15
482,User_482,2025-06-15
484,User_484,2025-08-15
486,User_486,2025-01-15
488,User_488,2025-03-15
490,User_490,2025-05-15
492,User_492,2025-07-15
494,User_494,2025-09-15
496,User_496,2025-02-15
498,User_498,2025-04-15
500,User_500,2025-06-15
502,User_502,2025-08-15
504,User_504,2025-01-15
506,User_506,2025-03-15
508,User_508,2025-05-15
510,User_510,2025-07-15
512,User_512,2025-09-15
514,User_514,2025-02-15
516,User_516,2025-04-15
518,User_518,2025-06-15
520,User_520,2025-08-15
522,User_522,2025-01-15
524,User_524,2025-03-15
526,User_526,2025-05-15
528,User_528,2025-07-15
530,User_530,2025-09-15
532,User_532,2025-02-15
534,User_534,2025-04-15
536,User_536,2025-06-15
538,User_538,2025-08-15
540,User_540,2025-01-15
542,User_542,2025-03-15
544,User_544,2025-05-15
546,User_546,2025-07-15
548,User_548,2025-09-15
550,User_550,2025-02-15
552,User_552,2025-04-15
554,User_554,2025-06-15
556,User_556,2025-08-15
558,User_558,2025-01-15
560,User_560,2025-03-15
562,User_562,2025-05-15
564,User_564,2025-07-15
566,User_566,2025-09-15
568,User_568,2025-02-15
570,User_570,2025-04-15
572,User_572,2025-06-15
574,User_574,2025-08-15
576,User_576,2025-01-15
578,User_578,2025-03-15
580,User_580,2025-05-15
582,User_582,2025-07-15
584,User_584,2025-09-15
586,User_586,2025-02-15
588,User_588,2025-04-15
590,User_590,2025-06-15
592,User_592,2025-08-15
594,User_594,2025-01-15
596,User_596,2025-03-15
598,User_598,2025-05-15
600,User_600,2025-07-15
602,User_602,2025-09-15
604,User_604,2025-02-15
606,User_606,2025-04-15
608,User_608,2025-06-15
610,User_610,2025-08-15
612,User_612,2025-01-15
614,User_614,2025-03-15
616,User_616,2025-05-15
618,User_618,2025-07-15
620,User_620,2025-09-15
622,User_622,2025-02-15
624,User_624,2025-04-15
626,User_626,2025-06-15
628,User_628,2025-08-15
630,User_630,2025-01-15
632,User_632,2025-03-15
634,User_634,2025-05-15
636,User_636,2025-07-15
638,User_638,2025-09-15
640,User_640,2025-02-15
642,User_642,2025-04-15
644,User_644,2025-06-15
646,User_646,2025-08-15
648,User_648,2025-01-15
650,User_650,2025-03-15
652,User_652,2025-05-15
654,User_654,2025-07-15
656,User_656,2025-09-15
658,User_658,2025-02-15
660,User_660,2025-04-15
662,User_662,2025-06-15
664,User_664,2025-08-15
666,User_666,2025-01-15
668,User_668,2025-03-15
670,User_670,2025-05-15
672,User_672,2025-07-15
674,User_674,2025-09-15
676,User_676,2025-02-15
678,User_678,2025-04-15
680,User_680,2025-06-15
682,User_682,2025-08-15
684,User_684,2025-01-15
686,User_686,2025-03-15
688,User_688,2025-05-15
690,User_690,2025-07-15
692,User_692,2025-09-15
694,User_694,2025-02-15
696,User_696,2025-04-15
698,User_698,2025-06-15
700,User_700,2025-08-15
702,User_702,2025-01-15
704,User_704,2025-03-15
706,User_706,2025-05-15
708,User_708,2025-07-15
710,User_710,2025-09-15
712,User_712,2025-02-15
714,User_714,2025-04-15
716,User_716,2025-06-15
718,User_718,2025-08-15
720,User_720,2025-01-15
722,User_722,2025-03-15
724,User_724,2025-05-15
726,User_726,2025-07-15
728,User_728,2025-09-15
730,User_730,2025-02-15
732,User_732,2025-04-15
734,User_734,2025-06-15
736,User_736,2025-08-15
738,User_738,2025-01-15
740,User_740,2025-03-15
742,User_742,2025-05-15
744,User_744,2025-07-15
746,User_746,2025-09-15
748,User_748,2025-02-15
750,User_750,2025-04-15
752,User_752,2025-06-15
754,User_754,2025-08-15
756,User_756,2025-01-15
758,User_758,2025-03-15
760,User_760,2025-05-15
762,User_762,2025-07-15
764,User_764,2025-09-15
766,User_766,2025-02-15
768,User_768,2025-04-15
770,User_770,2025-06-15
772,User_772,2025-08-15
774,User_774,2025-01-15
776,User_776,2025-03-15
778,User_778,2025-05-15
780,User_780,2025-07-15
782,User_782,2025-09-15
784,User_784,2025-02-15
786,User_786,2025-04-15
788,User_788,2025-06-15
790,User_790,2025-08-15
792,User_792,2025-01-15
794,User_794,2025-03-15
796,User_796,2025-05-15
798,User_798,2025-07-15
800,User_800,2025-09-15
802,User_802,2025-02-15
804,User_804,2025-04-15
806,User_806,2025-06-15
808,User_808,2025-08-15
810,User_810,2025-01-15
812,User_812,2025-03-15
814,User_814,2025-05-15
816,User_816,2025-07-15
818,User_818,2025-09-15
820,User_820,2025-02-15
822,User_822,2025-04-15
824,User_824,2025-06-15
826,User_826,2025-08-15
828,User_828,2025-01-15
830,User_830,2025-03-15
832,User_832,2025-05-15
834,User_834,2025-07-15
836,User_836,2025-09-15
838,User_838,2025-02-15
840,User_840,2025-04-15
842,User_842,2025-06-15
844,User_844,2025-08-15
846,User_846,2025-01-15
848,User_848,2025-03-15
850,User_850,2025-05-15
852,User_852,2025-07-15
854,User_854,2025-09-15
856,User_856,2025-02-15
858,User_858,2025-04-15
860,User_860,2025-06-15
862,User_862,2025-08-15
864,User_864,2025-01-15
866,User_866,2025-03-15
868,User_868,2025-05-15
870,User_870,2025-07-15
872,User_872,2025-09-15
874,User_874,2025-02-15
876,User_876,2025-04-15
878,User_878,2025-06-15
880,User_880,2025-08-15
882,User_882,2025-01-15
884,User_884,2025-03-15
886,User_886,2025-05-15
888,User_888,2025-07-15
890,User_890,2025-09-15
892,User_892,2025-02-15
894,User_894,2025-04-15
896,User_896,2025-06-15
898,User_898,2025-08-15
900,User_900,2025-01-15
902,User_902,2025-03-15
904,User_904,2025-05-15
906,User_906,2025-07-15
908,User_908,2025-09-15
910,User_910,2025-02-15
912,User_912,2025-04-15
914,User_914,2025-06-15
916,User_916,2025-08-15
918,User_918,2025-01-15
920,User_920,2025-03-15
922,User_922,2025-05-15
924,User_924,2025-07-15
926,User_926,2025-09-15
928,User_928,2025-02-15
930,User_930,2025-04-15
932,User_932,2025-06-15
934,User_934,2025-08-15
936,User_936,2025-01-15
938,User_938,2025-03-15
940,User_940,2025-05-15
942,User_942,2025-07-15
944,User_944,2025-09-15
946,User_946,2025-02-15
948,User_948,2025-04-15
950,User_950,2025-06-15
952,User_952,2025-08-15
954,User_954,2025-01-15
956,User_956,2025-03-15
958,User_958,2025-05-15
960,User_960,2025-07-15
962,User_962,2025-09-15
964,User_964,2025-02-15
966,User_966,2025-04-15
968,User_968,2025-06-15
970,User_970,2025-08-15
972,User_972,2025-01-15
974,User_974,2025-03-15
976,User_976,2025-05-15
978,User_978,2025-07-15
980,User_980,2025-09-15
982,User_982,2025-02-15
984,User_984,2025-04-15
986,User_986,2025-06-15
988,User_988,2025-08-15
990,User_990,2025-01-15
992,User_992,2025-03-15
994,User_994,2025-05-15
996,User_996,2025-07-15
998,User_998,2025-09-15
1000,User_1000,2025-02-15